[
  {
    "value": "下午茶",
    "synonyms": [
      "下午",
      "下午茶",
      "再一個下午茶建議",
      "取得下午茶建議",
      "🌆取得下午茶建議",
      "🌇 再一個下午茶建議"
    ]
  },
  {
    "value": "不要",
    "synonyms": [
      "NO",
      "下一個",
      "不",
      "不OK",
      "不佳",
      "不優",
      "不可以",
      "不好",
      "不想",
      "不能",
      "不能吃",
      "不行",
      "不要",
      "再一個",
      "再來一個",
      "再來一個建議",
      "再幫我想一個",
      "再幫我想一種",
      "在一個",
      "太爛了",
      "我不能吃",
      "我不要",
      "我覺得不優",
      "我覺得不行",
      "爛透了"
    ]
  },
  {
    "value": "午餐",
    "synonyms": [
      "☀️再一個午餐建議",
      "☀️取得午餐建議",
      "中午",
      "中餐",
      "再一個午餐建議",
      "午餐"
    ]
  },
  {
    "value": "回到選單",
    "synonyms": [
      "回到選單"
    ]
  },
  {
    "value": "在兩種美食中抉擇",
    "synonyms": [
      "在兩種美食中抉擇"
    ]
  },
  {
    "value": "幫我想",
    "synonyms": [
      "幫我想"
    ]
  },
  {
    "value": "早餐",
    "synonyms": [
      "再一個早餐建議",
      "取得早餐建議",
      "早上",
      "早餐",
      "🌅 再一個早餐建議",
      "🌅取得早餐建議"
    ]
  },
  {
    "value": "晚餐",
    "synonyms": [
      "再一個晚餐建議",
      "晚上",
      "晚餐",
      "🌃 再一個晚餐建議",
      "🌃取得晚餐建議"
    ]
  },
  {
    "value": "霄夜",
    "synonyms": [
      "再一個宵夜建議",
      "宵夜",
      "消夜",
      "霄夜",
      "🌙 再一個宵夜建議",
      "🌙取得宵夜建議"
    ]
  },
  {
    "value": "飯類",
    "synonyms": [
      "飯",
      "飯類",
      "饭"
    ]
  },
  {
    "value": "麵類",
    "synonyms": [
      "面",
      "麵",
      "麵類"
    ]
  }
]