{
    "早餐": ["饅頭", "蛋餅", "吐司", "總匯", "漢堡", "炒麵", "煎餃", "三明治", "刈包", "沙拉", "飯糰",
           "麵包", "油條", "包子", "蘿蔔糕", "夾蛋吐司", "鬆餅", "優格", "乾麵", "燒餅", "燒餅",
           "水餃", "鍋貼", "筒仔米糕", "肉粽",
           "歐姆雷", "早午餐", "米糕", "碗粿", "厚片", "蛋",
           "豆漿", "熱狗捲", "粥", "帕尼尼", "貝果", "米堡", "捲餅", "排骨湯", "燕麥片", "餡餅",
           "薯條", "輕食"],
    "午晚餐": ["泡麵", "日式料理", "炒麵", "快炒", "排骨飯", "烏龍麵", "軟骨飯", "燴飯",
            "澳洲料理", "麻醬麵", "擔仔麵", "米粉", "泰式料理", "便當", "魚排飯", "非洲料理", "油飯", "皮蛋瘦肉粥",
            "陽春麵", "乾麵", "越式料理", "肉粽", "烤雞", "火雞肉飯", "小籠包", "披薩", "簡餐", "飯糰",
            "牛肉麵", "拉麵", "美式料理", "帕帕尼", "拼盤", "滷肉飯", "炸菜肉絲麵", "雞腿飯", "焗烤", "速食店",
            "韓式料理", "臭豆腐", "蒸餃", "麥當勞", "素食餐廳", "地中海料理", "排骨湯", "甕仔雞", "自助餐", "滷味",
            "炒飯", "咖哩飯", "越南料理", "關東煮", "鹹水雞", "鐵板燒", "燒烤", "香菇肉羹麵", "懷石料理",
            "丼飯", "迴轉壽司", "燒餅", "牛排", "火鍋", "泡飯", "法國料理", "英國料理", "墨西哥料理", "港式料理",
            "加拿大料理", "緬甸料理", "蒙古料理", "印度料理", "燒烤", "蚵仔煎", "義大利餐廳", "土耳其料理", "馬來西亞料理"],
    "下午茶": ["咖啡廳", "布丁", "豆花", "紅豆餅", "雞蛋糕", "地瓜酥", "煎餃", "三明治", "刈包", "沙拉",
            "飯糰", "麵包", "雪花冰", "泡芙", "蘿蔔糕", "叉燒酥", "核桃酥", "芋頭酥", "紅豆湯", "蛋黃酥",
            "燒餅", "水餃", "鍋貼", "筒仔米糕", "肉粽", "芋圓", "仙草", "元寶酥", "碗粿", "燒餅",
            "蘿蔔糕", "蘿蔔絲餅", "糕仔餅", "銅鑼燒", "千層糕", "黑糖糕", "甜甜圈", "捲餅", "蔥油餅", "發糕",
            "湯圓", "鳳梨酥", "排骨湯", "小窩頭"],
    "霄夜": ["夜市", "黑巧克力", "吐司", "水餃", "榖物粥", "地瓜酥", "煎餃",
           "麵包", "燒烤", "榖物片", "蘿蔔糕", "叉燒酥", "烤地瓜", "芋頭酥", "乾麵", "蛋黃酥",
           "炸雞排", "烤肉串", "鍋貼", "筒仔米糕", "肉粽", "米果", "米香", "黑木耳飲", "碗粿", "燒餅",
           "快炒店", "蘿蔔絲餅", "無糖優格", "發糕", "糙米粥", "黑糖糕", "米堡", "捲餅", "蔥油餅", "洋芋片",
           "薯條", "鳳梨酥", "天然水果乾", "肉乾", "滷味", "三明治", "堅果", "沙拉"],
    "飯類": ["豬油拌飯", "羹飯", "炒飯", "燴飯", "火雞肉飯", "燒肉飯", "泡飯", "燉飯", "蓋飯", "滷肉飯", "油飯", "軟骨飯", "雞腿飯", "丼飯", "便當", "咖哩飯", "雞排飯", "魚排飯", "五穀飯", "飯糰"],
    "麵類": ["麵線羹", "羹麵", "炒麵",
          "燴麵", "牛肉麵", "陽春麵", "餛飩麵", "擔仔麵", "泡麵", "米粉", "鍋燒意麵", "義大利麵", "拉麵",
          "涼麵", "乾麵", "麻醬麵", "炸醬麵", "魯麵", "麵線糊", "麵疙瘩", "米粉"]
}
